<?xml version="1.0"?>
<manifest identifier="SingleCourseManifest" version="1.2"
          xmlns="http://www.imsproject.org/xsd/imscp_rootv1p1p2"
          xmlns:adlcp="http://www.adlnet.org/xsd/adlcp_rootv1p2"
          xmlns:xsi="http://www.w3.org/2001/XMLSchema-instance"
          xsi:schemaLocation="http://www.imsproject.org/xsd/imscp_rootv1p1p2 imscp_rootv1p1p2.xsd                     http://www.imsglobal.org/xsd/imsmd_rootv1p2p1 imsmd_rootv1p2p1.xsd                              http://www.adlnet.org/xsd/adlcp_rootv1p2 adlcp_rootv1p2.xsd">
	<metadata/>
	<organizations default="contabil">
	   <organization identifier="contabil">
	   <title>Patient Blood Management (PBM)</title>
			<item identifier="MOD_1" isvisible="true">
				<title>Módulo II</title>

				<item identifier="MOD_1_SCO_1" identifierref="RES_1" isvisible="true">
					<title>Módulo II</title>
				</item>

				<item identifier="MOD_1_SCO_2" identifierref="RES_2" isvisible="true">
					<title>Apresentação Módulo II</title>
					<adlcp:prerequisites type="aicc_script">MOD_1_SCO_1</adlcp:prerequisites>
				</item>

				<item identifier="MOD_1_SCO_3" identifierref="RES_3" isvisible="true">
					<title>Introdução</title>
					<adlcp:prerequisites type="aicc_script">MOD_1_SCO_2</adlcp:prerequisites>
				</item>

				<item identifier="MOD_1_SCO_4" identifierref="RES_4" isvisible="true">
					<title>A anemia</title>
					<adlcp:prerequisites type="aicc_script">MOD_1_SCO_3</adlcp:prerequisites>
				</item>

			

				<item identifier="MOD_1_SCO_5" identifierref="RES_5" isvisible="true">
					<title>Avaliação básica da anemia</title>
					<adlcp:prerequisites type="aicc_script">MOD_1_SCO_4</adlcp:prerequisites>
				</item>

				<item identifier="MOD_1_SCO_6" identifierref="RES_6" isvisible="true">
					<title>Exames e investigação orientados pelos exames obrigatórios</title>
					<adlcp:prerequisites type="aicc_script">MOD_1_SCO_5</adlcp:prerequisites>
				</item>

				<item identifier="MOD_1_SCO_7" identifierref="RES_7" isvisible="true">
					<title>ÍNDICES HEMATIMÉTRICOS</title>
					<adlcp:prerequisites type="aicc_script">MOD_1_SCO_6</adlcp:prerequisites>
				</item>

				<item identifier="MOD_1_SCO_8" identifierref="RES_8" isvisible="true">
					<title>Classificações Morfológicas das Anemias</title>
					<adlcp:prerequisites type="aicc_script">MOD_1_SCO_7</adlcp:prerequisites>
				</item>

				<item identifier="MOD_1_SCO_9" identifierref="RES_9" isvisible="true">
					<title>Classificação funcional das anemias</title>
					<adlcp:prerequisites type="aicc_script">MOD_1_SCO_8</adlcp:prerequisites>
				</item>

				<item identifier="MOD_1_SCO_10" identifierref="RES_10" isvisible="true">
					<title>Cálculo da Porcentagem do Reticulócito Ajustada (IRC)</title>
					<adlcp:prerequisites type="aicc_script">MOD_1_SCO_9</adlcp:prerequisites>
				</item>

				<item identifier="MOD_1_SCO_11" identifierref="RES_11" isvisible="true">
					<title>Deficiência de Ferro</title>
					<adlcp:prerequisites type="aicc_script">MOD_1_SCO_10</adlcp:prerequisites>
				</item>	

				<item identifier="MOD_1_SCO_12" identifierref="RES_12" isvisible="true">
					<title>Deficiência de Ferro</title>
					<adlcp:prerequisites type="aicc_script">MOD_1_SCO_11</adlcp:prerequisites>
				</item>

				<item identifier="MOD_1_SCO_13" identifierref="RES_13" isvisible="true">
					<title>Importante!</title>
					<adlcp:prerequisites type="aicc_script">MOD_1_SCO_12</adlcp:prerequisites>
				</item>
			
				<item identifier="MOD_1_SCO_14" identifierref="RES_14" isvisible="true">
					<title>Deficiência de Ferro</title>
					<adlcp:prerequisites type="aicc_script">MOD_1_SCO_13</adlcp:prerequisites>
				</item>

				<item identifier="MOD_1_SCO_15" identifierref="RES_15" isvisible="true">
					<title>Causas da Ferropenia</title>
					<adlcp:prerequisites type="aicc_script">MOD_1_SCO_14</adlcp:prerequisites>
				</item>

				<item identifier="MOD_1_SCO_16" identifierref="RES_16" isvisible="true">
					<title>Risco aumentado de anemia ferropriva x tratamento de reposição</title>
					<adlcp:prerequisites type="aicc_script">MOD_1_SCO_15</adlcp:prerequisites>
				</item>

				<item identifier="MOD_1_SCO_17" identifierref="RES_17" isvisible="true">
					<title>Ferro Oral</title>
					<adlcp:prerequisites type="aicc_script">MOD_1_SCO_16</adlcp:prerequisites>
				</item>	

				<item identifier="MOD_1_SCO_18" identifierref="RES_18" isvisible="true">
					<title>Composto de Ferro</title>
					<adlcp:prerequisites type="aicc_script">MOD_1_SCO_17</adlcp:prerequisites>
				</item>

				<item identifier="MOD_1_SCO_19" identifierref="RES_19" isvisible="true">
					<title>Quadro - Parâmetro, Sais Ferrosos, Ferripolimaltose</title>
					<adlcp:prerequisites type="aicc_script">MOD_1_SCO_18</adlcp:prerequisites>
				</item>

				<item identifier="MOD_1_SCO_20" identifierref="RES_20" isvisible="true">
					<title>Quadro - Evento Adverso, Sulfato Ferroso, Ferripolimaltose, p</title>
					<adlcp:prerequisites type="aicc_script">MOD_1_SCO_19</adlcp:prerequisites>
				</item>	
				<item identifier="MOD_1_SCO_21" identifierref="RES_21" isvisible="true">
					<title>Indicação de Ferro Intravenoso</title>
					<adlcp:prerequisites type="aicc_script">MOD_1_SCO_20</adlcp:prerequisites>
				</item>

				<item identifier="MOD_1_SCO_22" identifierref="RES_22" isvisible="true">
					<title>Informações Adicionais</title>
					<adlcp:prerequisites type="aicc_script">MOD_1_SCO_21</adlcp:prerequisites>
				</item>
			
				<item identifier="MOD_1_SCO_23" identifierref="RES_23" isvisible="true">
					<title>Ferro Intravenoso</title>
					<adlcp:prerequisites type="aicc_script">MOD_1_SCO_22</adlcp:prerequisites>
				</item>

				<item identifier="MOD_1_SCO_24" identifierref="RES_24" isvisible="true">
					<title>Diagrama</title>
					<adlcp:prerequisites type="aicc_script">MOD_1_SCO_23</adlcp:prerequisites>
				</item>

				<item identifier="MOD_1_SCO_25" identifierref="RES_25" isvisible="true">
					<title>Correção da Anemia</title>
					<adlcp:prerequisites type="aicc_script">MOD_1_SCO_24</adlcp:prerequisites>
				</item>

				<item identifier="MOD_1_SCO_26" identifierref="RES_26" isvisible="true">
					<title>Sugestão Terapêutica – Sem Anemia</title>
					<adlcp:prerequisites type="aicc_script">MOD_1_SCO_25</adlcp:prerequisites>
				</item>	

				<item identifier="MOD_1_SCO_27" identifierref="RES_27" isvisible="true">
					<title>Deficiência de ácido fólico</title>
					<adlcp:prerequisites type="aicc_script">MOD_1_SCO_26</adlcp:prerequisites>
				</item>

				<item identifier="MOD_1_SCO_28" identifierref="RES_28" isvisible="true">
					<title>Deficiência de B12</title>
					<adlcp:prerequisites type="aicc_script">MOD_1_SCO_27</adlcp:prerequisites>
				</item>

				<item identifier="MOD_1_SCO_29" identifierref="RES_29" isvisible="true">
					<title>Avaliação do paciente no pré-operatório</title>
					<adlcp:prerequisites type="aicc_script">MOD_1_SCO_28</adlcp:prerequisites>
				</item>	
				<item identifier="MOD_1_SCO_30" identifierref="RES_30" isvisible="true">
					<title>Fim do Módulo</title>
					<adlcp:prerequisites type="aicc_script">MOD_1_SCO_29</adlcp:prerequisites>
				</item>

				<item identifier="MOD_1_SCO_31" identifierref="RES_31" isvisible="true">
					<title>Referências Bibliográficas</title>
					<adlcp:prerequisites type="aicc_script">MOD_1_SCO_30</adlcp:prerequisites>
				</item>

				
				


		</item>

				
			  <metadata>
			  <schema>ADL SCORM</schema>
			  <schemaversion>1.2</schemaversion>
			  <location>indefinido.xml</location>
			</metadata>
		</organization>
	</organizations>
	<resources>
		<resource identifier="INC" adlcp:scormtype="asset" type="webcontent">
			<file href="src/includes/apiwrapper.js"/>
			<file href="src/includes/scofunctions.js"/>
			<file href="src/includes/conteudo.js"/>
			
		</resource>
		<resource identifier="RES_1" type="webcontent" adlcp:scormtype="sco" href="src/pagina1.html">
		   <file href="src/pagina1.html"/>
		   <dependency identifierref="INC"/>
		</resource>

		<resource identifier="RES_2" type="webcontent" adlcp:scormtype="sco" href="src/video3.html">
		   <file href="src/video3.html"/>
		   <dependency identifierref="INC"/>
		</resource>

		<resource identifier="RES_3" type="webcontent" adlcp:scormtype="sco" href="src/pagina2.html">
		   <file href="src/pagina2.html"/>
		   <dependency identifierref="INC"/>
		</resource>

		<resource identifier="RES_4" type="webcontent" adlcp:scormtype="sco" href="src/paginaExtra.html">
		   <file href="src/paginaExtra.html"/>
		   <dependency identifierref="INC"/>
		</resource>
		
		

		<resource identifier="RES_5" type="webcontent" adlcp:scormtype="sco" href="src/pagina4.html">
		   <file href="src/pagina4.html"/>
		   <dependency identifierref="INC"/>
		</resource>

		<resource identifier="RES_6" type="webcontent" adlcp:scormtype="sco" href="src/pagina5.html">
		   <file href="src/pagina5.html"/>
		   <dependency identifierref="INC"/>
		</resource>

		<resource identifier="RES_7" type="webcontent" adlcp:scormtype="sco" href="src/pagina6.html">
		   <file href="src/pagina6.html"/>
		   <dependency identifierref="INC"/>
		</resource>

		<resource identifier="RES_8" type="webcontent" adlcp:scormtype="sco" href="src/pagina7.html">
		   <file href="src/pagina7.html"/>
		   <dependency identifierref="INC"/>
		</resource>

		<resource identifier="RES_9" type="webcontent" adlcp:scormtype="sco" href="src/pagina11.html">
		   <file href="src/pagina11.html"/>
		   <dependency identifierref="INC"/>
		</resource>

		<resource identifier="RES_10" type="webcontent" adlcp:scormtype="sco" href="src/pagina12.html">
		   <file href="src/pagina12.html"/>
		   <dependency identifierref="INC"/>
		</resource>

			<resource identifier="RES_11" type="webcontent" adlcp:scormtype="sco" href="src/pagina13.html">
		   <file href="src/pagina13.html"/>
		   <dependency identifierref="INC"/>
		</resource>

		<resource identifier="RES_12" type="webcontent" adlcp:scormtype="sco" href="src/pagina14.html">
		   <file href="src/pagina14.html"/>
		   <dependency identifierref="INC"/>
		</resource>

		<resource identifier="RES_13" type="webcontent" adlcp:scormtype="sco" href="src/pagina15.html">
		   <file href="src/pagina15.html"/>
		   <dependency identifierref="INC"/>
		</resource>

		<resource identifier="RES_14" type="webcontent" adlcp:scormtype="sco" href="src/pagina16.html">
		   <file href="src/pagina16.html"/>
		   <dependency identifierref="INC"/>
		</resource>

		<resource identifier="RES_15" type="webcontent" adlcp:scormtype="sco" href="src/pagina17.html">
		   <file href="src/pagina17.html"/>
		   <dependency identifierref="INC"/>
		</resource>

		<resource identifier="RES_16" type="webcontent" adlcp:scormtype="sco" href="src/pagina18.html">
		   <file href="src/pagina18.html"/>
		   <dependency identifierref="INC"/>
		</resource>

		<resource identifier="RES_17" type="webcontent" adlcp:scormtype="sco" href="src/pagina19.html">
		   <file href="src/pagina19.html"/>
		   <dependency identifierref="INC"/>
		</resource>

		<resource identifier="RES_18" type="webcontent" adlcp:scormtype="sco" href="src/pagina20.html">
		   <file href="src/pagina20.html"/>
		   <dependency identifierref="INC"/>
		</resource>

		<resource identifier="RES_19" type="webcontent" adlcp:scormtype="sco" href="src/pagina21.html">
		   <file href="src/pagina21.html"/>
		   <dependency identifierref="INC"/>
		</resource>

		<resource identifier="RES_20" type="webcontent" adlcp:scormtype="sco" href="src/pagina22.html">
		   <file href="src/pagina22.html"/>
		   <dependency identifierref="INC"/>
		</resource>
			
		<resource identifier="RES_21" type="webcontent" adlcp:scormtype="sco" href="src/pagina23.html">
		   <file href="src/pagina23.html"/>
		   <dependency identifierref="INC"/>
		</resource>

		<resource identifier="RES_22" type="webcontent" adlcp:scormtype="sco" href="src/pagina24.html">
		   <file href="src/pagina24.html"/>
		   <dependency identifierref="INC"/>
		</resource>

		<resource identifier="RES_23" type="webcontent" adlcp:scormtype="sco" href="src/pagina25.html">
		   <file href="src/pagina25.html"/>
		   <dependency identifierref="INC"/>
		</resource>

		<resource identifier="RES_24" type="webcontent" adlcp:scormtype="sco" href="src/pagina26.html">
		   <file href="src/pagina26.html"/>
		   <dependency identifierref="INC"/>
		</resource>

			<resource identifier="RES_25" type="webcontent" adlcp:scormtype="sco" href="src/pagina27a29.html">
		   <file href="src/pagina27a29.html"/>
		   <dependency identifierref="INC"/>
		</resource>

		<resource identifier="RES_26" type="webcontent" adlcp:scormtype="sco" href="src/pagina30.html">
		   <file href="src/pagina30.html"/>
		   <dependency identifierref="INC"/>
		</resource>

		<resource identifier="RES_27" type="webcontent" adlcp:scormtype="sco" href="src/pagina31.html">
		   <file href="src/pagina31.html"/>
		   <dependency identifierref="INC"/>
		</resource>

		<resource identifier="RES_28" type="webcontent" adlcp:scormtype="sco" href="src/pagina32.html">
		   <file href="src/pagina32.html"/>
		   <dependency identifierref="INC"/>
		</resource>

		<resource identifier="RES_29" type="webcontent" adlcp:scormtype="sco" href="src/pagina33.html">
		   <file href="src/pagina33.html"/>
		   <dependency identifierref="INC"/>
		</resource>

		<resource identifier="RES_30" type="webcontent" adlcp:scormtype="sco" href="src/pagina34.html">
		   <file href="src/pagina34.html"/>
		   <dependency identifierref="INC"/>
		</resource>

		<resource identifier="RES_31" type="webcontent" adlcp:scormtype="sco" href="src/pagina35.html">
		   <file href="src/pagina35.html"/>
		   <dependency identifierref="INC"/>
		</resource>

		
	</resources>
</manifest>
