<?xml version="1.0"?>
<manifest identifier="SingleCourseManifest" version="1.2"
          xmlns="http://www.imsproject.org/xsd/imscp_rootv1p1p2"
          xmlns:adlcp="http://www.adlnet.org/xsd/adlcp_rootv1p2"
          xmlns:xsi="http://www.w3.org/2001/XMLSchema-instance"
          xsi:schemaLocation="http://www.imsproject.org/xsd/imscp_rootv1p1p2 imscp_rootv1p1p2.xsd                     http://www.imsglobal.org/xsd/imsmd_rootv1p2p1 imsmd_rootv1p2p1.xsd                              http://www.adlnet.org/xsd/adlcp_rootv1p2 adlcp_rootv1p2.xsd">
	<metadata/>
	<organizations default="contabil">
	   <organization identifier="contabil">
	   <title>Patient Blood Management (PBM)</title>
			<item identifier="MOD_1" isvisible="true">
				<title>Módulo X</title>

				<item identifier="MOD_1_SCO_1" identifierref="RES_1" isvisible="true">
					<title>Módulo X</title>
				</item>

				<item identifier="MOD_1_SCO_2" identifierref="RES_2" isvisible="true">
					<title>Apresentação Módulo X</title>
					<adlcp:prerequisites type="aicc_script">MOD_1_SCO_1</adlcp:prerequisites>
				</item>

				<item identifier="MOD_1_SCO_3" identifierref="RES_3" isvisible="true">
					<title>Introdução</title>
					<adlcp:prerequisites type="aicc_script">MOD_1_SCO_2</adlcp:prerequisites>
				</item>

				<item identifier="MOD_1_SCO_4" identifierref="RES_4" isvisible="true">
					<title>Construção de banco de dados </title>
					<adlcp:prerequisites type="aicc_script">MOD_1_SCO_3</adlcp:prerequisites>
				</item>

				<item identifier="MOD_1_SCO_5" identifierref="RES_5" isvisible="true">
					<title>Construção de banco de dados - Dados primários</title>
					<adlcp:prerequisites type="aicc_script">MOD_1_SCO_4</adlcp:prerequisites>
				</item>

				<item identifier="MOD_1_SCO_6" identifierref="RES_6" isvisible="true">
					<title>Os softwares de administração </title>
					<adlcp:prerequisites type="aicc_script">MOD_1_SCO_5</adlcp:prerequisites>
				</item>

				<item identifier="MOD_1_SCO_7" identifierref="RES_7" isvisible="true">
					<title>Construção de banco de dados - Dados secundários</title>
					<adlcp:prerequisites type="aicc_script">MOD_1_SCO_6</adlcp:prerequisites>
				</item>

				<item identifier="MOD_1_SCO_8" identifierref="RES_8" isvisible="true">
					<title>Construção de banco de dados Dados secundários</title>
					<adlcp:prerequisites type="aicc_script">MOD_1_SCO_7</adlcp:prerequisites>
				</item>

				<item identifier="MOD_1_SCO_9" identifierref="RES_9" isvisible="true">
					<title>Construção de banco de dados Dados secundários</title>					
					<adlcp:prerequisites type="aicc_script">MOD_1_SCO_8</adlcp:prerequisites>
				</item>

				<item identifier="MOD_1_SCO_10" identifierref="RES_10" isvisible="true">
					<title>Indicadores de mensuração</title>
					<adlcp:prerequisites type="aicc_script">MOD_1_SCO_9</adlcp:prerequisites>
				</item>

				<item identifier="MOD_1_SCO_11" identifierref="RES_11" isvisible="true">
					<title>Número de internações</title>
					<adlcp:prerequisites type="aicc_script">MOD_1_SCO_10</adlcp:prerequisites>
				</item>	

				<item identifier="MOD_1_SCO_12" identifierref="RES_12" isvisible="true">
					<title>Métodos de comparação</title>
					<adlcp:prerequisites type="aicc_script">MOD_1_SCO_11</adlcp:prerequisites>
				</item>

				<item identifier="MOD_1_SCO_13" identifierref="RES_13" isvisible="true">
					<title>Principais programas para gestão da informação</title>
					<adlcp:prerequisites type="aicc_script">MOD_1_SCO_12</adlcp:prerequisites>
				</item>
			
				<item identifier="MOD_1_SCO_14" identifierref="RES_14" isvisible="true">
					<title>Fim do Módulo</title>
					<adlcp:prerequisites type="aicc_script">MOD_1_SCO_13</adlcp:prerequisites>
				</item>

				<item identifier="MOD_1_SCO_15" identifierref="RES_15" isvisible="true">
					<title>Podcast</title>
					<adlcp:prerequisites type="aicc_script">MOD_1_SCO_14</adlcp:prerequisites>
				</item>

				<item identifier="MOD_1_SCO_16" identifierref="RES_16" isvisible="true">
					<title>Fim do Curso</title>
					<adlcp:prerequisites type="aicc_script">MOD_1_SCO_15</adlcp:prerequisites>
				</item>

				<item identifier="MOD_1_SCO_17" identifierref="RES_17" isvisible="true">
					<title>Referências Bibliográficas</title>
					<adlcp:prerequisites type="aicc_script">MOD_1_SCO_16</adlcp:prerequisites>
				</item>

		</item>

				
			  <metadata>
			  <schema>ADL SCORM</schema>
			  <schemaversion>1.2</schemaversion>
			  <location>indefinido.xml</location>
			</metadata>
		</organization>
	</organizations>
	<resources>
		<resource identifier="INC" adlcp:scormtype="asset" type="webcontent">
			<file href="src/includes/apiwrapper.js"/>
			<file href="src/includes/scofunctions.js"/>
			<file href="src/includes/conteudo.js"/>
			
		</resource>
		<resource identifier="RES_1" type="webcontent" adlcp:scormtype="sco" href="src/pagina1.html">
		   <file href="src/pagina1.html"/>
		   <dependency identifierref="INC"/>
		</resource>

		<resource identifier="RES_2" type="webcontent" adlcp:scormtype="sco" href="src/pagina3.html">
		   <file href="src/pagina3.html"/>
		   <dependency identifierref="INC"/>
		</resource>

		<resource identifier="RES_3" type="webcontent" adlcp:scormtype="sco" href="src/pagina2.html">
		   <file href="src/pagina2.html"/>
		   <dependency identifierref="INC"/>
		</resource>
		
		<resource identifier="RES_4" type="webcontent" adlcp:scormtype="sco" href="src/pagina4.html">
		   <file href="src/pagina4.html"/>
		   <dependency identifierref="INC"/>
		</resource>

		<resource identifier="RES_5" type="webcontent" adlcp:scormtype="sco" href="src/pagina5.html">
		   <file href="src/pagina5.html"/>
		   <dependency identifierref="INC"/>
		</resource>

		<resource identifier="RES_6" type="webcontent" adlcp:scormtype="sco" href="src/pagina6.html">
		   <file href="src/pagina6.html"/>
		   <dependency identifierref="INC"/>
		</resource>

		<resource identifier="RES_7" type="webcontent" adlcp:scormtype="sco" href="src/pagina7.html">
		   <file href="src/pagina7.html"/>
		   <dependency identifierref="INC"/>
		</resource>

		<resource identifier="RES_8" type="webcontent" adlcp:scormtype="sco" href="src/pagina8.html">
		   <file href="src/pagina8.html"/>
		   <dependency identifierref="INC"/>
		</resource>

		<resource identifier="RES_9" type="webcontent" adlcp:scormtype="sco" href="src/pagina9.html">
		   <file href="src/pagina9.html"/>
		   <dependency identifierref="INC"/>
		</resource>

		<resource identifier="RES_10" type="webcontent" adlcp:scormtype="sco" href="src/pagina10.html">
		   <file href="src/pagina10.html"/>
		   <dependency identifierref="INC"/>
		</resource>

			<resource identifier="RES_11" type="webcontent" adlcp:scormtype="sco" href="src/pagina11.html">
		   <file href="src/pagina11.html"/>
		   <dependency identifierref="INC"/>
		</resource>

		<resource identifier="RES_12" type="webcontent" adlcp:scormtype="sco" href="src/pagina12a16.html">
		   <file href="src/pagina12a16.html"/>
		   <dependency identifierref="INC"/>
		</resource>

		<resource identifier="RES_13" type="webcontent" adlcp:scormtype="sco" href="src/pagina17.html">
		   <file href="src/pagina17.html"/>
		   <dependency identifierref="INC"/>
		</resource>

		<resource identifier="RES_14" type="webcontent" adlcp:scormtype="sco" href="src/pagina18.html">
		   <file href="src/pagina18.html"/>
		   <dependency identifierref="INC"/>
		</resource>

		<resource identifier="RES_15" type="webcontent" adlcp:scormtype="sco" href="src/pagina19.html">
		   <file href="src/pagina19.html"/>
		   <dependency identifierref="INC"/>
		</resource>

		<resource identifier="RES_15" type="webcontent" adlcp:scormtype="sco" href="src/pagina19.html">
		   <file href="src/pagina19.html"/>
		   <dependency identifierref="INC"/>
		</resource>

		<resource identifier="RES_16" type="webcontent" adlcp:scormtype="sco" href="src/pagina20.html">
		   <file href="src/pagina20.html"/>
		   <dependency identifierref="INC"/>
		</resource>

		<resource identifier="RES_17" type="webcontent" adlcp:scormtype="sco" href="src/pagina21.html">
		   <file href="src/pagina21.html"/>
		   <dependency identifierref="INC"/>
		</resource>

		

	</resources>
</manifest>
